INSERT INTO `agv_data`(`name`, `img`, `memo`) VALUES('AMR#1', 'amr_500_1.png', '雷射導引式-無軌型AMR');
INSERT INTO `agv_data`(`name`, `img`, `memo`) VALUES('AMR#2', 'amr_500_2.png', '雷射導引式-無軌型AMR');
INSERT INTO `agv_data`(`name`, `img`, `memo`) VALUES('AMR#3', 'amr_500_3.png', '雷射導引式-無軌型AMR');

INSERT INTO `station_data`(`tag`, `name`, `memo`) VALUES(1515, '1-T-1', '一樓暫存第一格格位');
INSERT INTO `station_data`(`tag`, `name`, `memo`) VALUES(1516, '1-T-2', '一樓暫存第二格格位');
INSERT INTO `station_data`(`tag`, `name`, `memo`) VALUES(1513, '1-T-3', '一樓暫存第三格格位');
INSERT INTO `station_data`(`tag`, `name`, `memo`) VALUES(1514, '1-T-4', '一樓暫存第四格格位');
INSERT INTO `station_data`(`tag`, `name`, `memo`) VALUES(1511, '1-T-5', '一樓暫存第五格格位');
INSERT INTO `station_data`(`tag`, `name`, `memo`) VALUES(1512, '1-T-6', '一樓暫存第六格格位');
INSERT INTO `station_data`(`tag`, `name`, `memo`) VALUES(1509, '1-T-7', '一樓暫存第七格格位');
INSERT INTO `station_data`(`tag`, `name`, `memo`) VALUES(1510, '1-T-8', '一樓暫存第八格格位');
INSERT INTO `station_data`(`tag`, `name`, `memo`) VALUES(1767, '1-R-1', '一樓退料第一格格位');
INSERT INTO `station_data`(`tag`, `name`, `memo`) VALUES(1768, '1-R-2', '一樓退料第二格格位');
INSERT INTO `station_data`(`tag`, `name`, `memo`) VALUES(1019, '1-S', '一樓待命點');
INSERT INTO `station_data`(`tag`, `name`, `memo`) VALUES(3259, '3-T-1', '三樓暫存第一格格位');
INSERT INTO `station_data`(`tag`, `name`, `memo`) VALUES(3260, '3-T-2', '三樓暫存第二格格位');
INSERT INTO `station_data`(`tag`, `name`, `memo`) VALUES(3261, '3-T-3', '三樓暫存第三格格位');
INSERT INTO `station_data`(`tag`, `name`, `memo`) VALUES(3262, '3-T-4', '三樓暫存第四格格位');
INSERT INTO `station_data`(`tag`, `name`, `memo`) VALUES(3263, '3-T-5', '三樓暫存第五格格位');
INSERT INTO `station_data`(`tag`, `name`, `memo`) VALUES(3264, '3-T-6', '三樓暫存第六格格位');
INSERT INTO `station_data`(`tag`, `name`, `memo`) VALUES(3265, '3-T-7', '三樓暫存第七格格位');
INSERT INTO `station_data`(`tag`, `name`, `memo`) VALUES(3266, '3-T-8', '三樓暫存第八格格位');
INSERT INTO `station_data`(`tag`, `name`, `memo`) VALUES(3065, '3-A-1', '三樓A區第一格格位');
INSERT INTO `station_data`(`tag`, `name`, `memo`) VALUES(3066, '3-A-2', '三樓A區第二格格位');
INSERT INTO `station_data`(`tag`, `name`, `memo`) VALUES(3067, '3-A-3', '三樓A區第三格格位');
INSERT INTO `station_data`(`tag`, `name`, `memo`) VALUES(3068, '3-A-4', '三樓A區第四格格位');
INSERT INTO `station_data`(`tag`, `name`, `memo`) VALUES(3069, '3-A-5', '三樓A區第五格格位');
INSERT INTO `station_data`(`tag`, `name`, `memo`) VALUES(3070, '3-A-6', '三樓A區第六格格位');
INSERT INTO `station_data`(`tag`, `name`, `memo`) VALUES(3071, '3-A-7', '三樓A區第七格格位');
INSERT INTO `station_data`(`tag`, `name`, `memo`) VALUES(3072, '3-A-8', '三樓A區第八格格位');
INSERT INTO `station_data`(`tag`, `name`, `memo`) VALUES(3017, '3-B-1', '三樓B區第一格格位');
INSERT INTO `station_data`(`tag`, `name`, `memo`) VALUES(3018, '3-B-2', '三樓B區第二格格位');
INSERT INTO `station_data`(`tag`, `name`, `memo`) VALUES(3019, '3-B-3', '三樓B區第三格格位');
INSERT INTO `station_data`(`tag`, `name`, `memo`) VALUES(3020, '3-B-4', '三樓B區第四格格位');
INSERT INTO `station_data`(`tag`, `name`, `memo`) VALUES(3021, '3-B-5', '三樓B區第五格格位');
INSERT INTO `station_data`(`tag`, `name`, `memo`) VALUES(3022, '3-B-6', '三樓B區第六格格位');
INSERT INTO `station_data`(`tag`, `name`, `memo`) VALUES(3023, '3-B-7', '三樓B區第七格格位');
INSERT INTO `station_data`(`tag`, `name`, `memo`) VALUES(3024, '3-B-8', '三樓B區第八格格位');
INSERT INTO `station_data`(`tag`, `name`, `memo`) VALUES(3791, '3-C-1', '三樓C區第一格格位');
INSERT INTO `station_data`(`tag`, `name`, `memo`) VALUES(3792, '3-C-2', '三樓C區第二格格位');
INSERT INTO `station_data`(`tag`, `name`, `memo`) VALUES(3793, '3-C-3', '三樓C區第三格格位');
INSERT INTO `station_data`(`tag`, `name`, `memo`) VALUES(3794, '3-C-4', '三樓C區第四格格位');
INSERT INTO `station_data`(`tag`, `name`, `memo`) VALUES(3795, '3-C-5', '三樓C區第五格格位');
INSERT INTO `station_data`(`tag`, `name`, `memo`) VALUES(3796, '3-C-6', '三樓C區第六格格位');
INSERT INTO `station_data`(`tag`, `name`, `memo`) VALUES(3797, '3-C-7', '三樓C區第七格格位');
INSERT INTO `station_data`(`tag`, `name`, `memo`) VALUES(3798, '3-C-8', '三樓C區第八格格位');
INSERT INTO `station_data`(`tag`, `name`, `memo`) VALUES(3799, '3-C-9', '三樓C區第九格格位');
INSERT INTO `station_data`(`tag`, `name`, `memo`) VALUES(3800, '3-C-10', '三樓C區第十格格位');
INSERT INTO `station_data`(`tag`, `name`, `memo`) VALUES(3801, '3-C-11', '三樓C區第十一格格位');
INSERT INTO `station_data`(`tag`, `name`, `memo`) VALUES(3802, '3-C-12', '三樓C區第十二格格位');
INSERT INTO `station_data`(`tag`, `name`, `memo`) VALUES(3803, '3-C-13', '三樓C區第十三格格位');
INSERT INTO `station_data`(`tag`, `name`, `memo`) VALUES(3804, '3-C-14', '三樓C區第十四格格位');
INSERT INTO `station_data`(`tag`, `name`, `memo`) VALUES(3805, '3-C-15', '三樓C區第十五格格位');
INSERT INTO `station_data`(`tag`, `name`, `memo`) VALUES(3806, '3-C-16', '三樓C區第十六格格位');
INSERT INTO `station_data`(`tag`, `name`, `memo`) VALUES(3807, '3-C-17', '三樓C區第十七格格位');
INSERT INTO `station_data`(`tag`, `name`, `memo`) VALUES(3808, '3-C-18', '三樓C區第十八格格位');
INSERT INTO `station_data`(`tag`, `name`, `memo`) VALUES(3809, '3-C-19', '三樓C區第十九格格位');
INSERT INTO `station_data`(`tag`, `name`, `memo`) VALUES(3810, '3-C-20', '三樓C區第二十格格位');
INSERT INTO `station_data`(`tag`, `name`, `memo`) VALUES(3811, '3-C-21', '三樓C區第二一格格位');
INSERT INTO `station_data`(`tag`, `name`, `memo`) VALUES(3812, '3-C-22', '三樓C區第二二格格位');
INSERT INTO `station_data`(`tag`, `name`, `memo`) VALUES(3813, '3-C-23', '三樓C區第二三格格位');
INSERT INTO `station_data`(`tag`, `name`, `memo`) VALUES(3814, '3-C-24', '三樓C區第二四格格位');
INSERT INTO `station_data`(`tag`, `name`, `memo`) VALUES(3029, '3-D-1', '三樓D區第一格格位');
INSERT INTO `station_data`(`tag`, `name`, `memo`) VALUES(3030, '3-D-2', '三樓D區第二格格位');
INSERT INTO `station_data`(`tag`, `name`, `memo`) VALUES(3031, '3-D-3', '三樓D區第三格格位');
INSERT INTO `station_data`(`tag`, `name`, `memo`) VALUES(3032, '3-D-4', '三樓D區第四格格位');
INSERT INTO `station_data`(`tag`, `name`, `memo`) VALUES(3033, '3-D-5', '三樓D區第五格格位');
INSERT INTO `station_data`(`tag`, `name`, `memo`) VALUES(3034, '3-D-6', '三樓D區第六格格位');
INSERT INTO `station_data`(`tag`, `name`, `memo`) VALUES(3035, '3-D-7', '三樓D區第七格格位');
INSERT INTO `station_data`(`tag`, `name`, `memo`) VALUES(3036, '3-D-8', '三樓D區第八格格位');
INSERT INTO `station_data`(`tag`, `name`, `memo`) VALUES(3287, '3-R-1', '三樓退料第一格格位');
INSERT INTO `station_data`(`tag`, `name`, `memo`) VALUES(3288, '3-R-2', '三樓退料第二格格位');
INSERT INTO `station_data`(`tag`, `name`, `memo`) VALUES(3289, '3-R-3', '三樓退料第三格格位');
INSERT INTO `station_data`(`tag`, `name`, `memo`) VALUES(3290, '3-R-4', '三樓退料第四格格位');
INSERT INTO `station_data`(`tag`, `name`, `memo`) VALUES(3275, '3-R-5', '三樓退料第五格格位');
INSERT INTO `station_data`(`tag`, `name`, `memo`) VALUES(3276, '3-R-6', '三樓退料第六格格位');
INSERT INTO `station_data`(`tag`, `name`, `memo`) VALUES(3277, '3-R-7', '三樓退料第七格格位');
INSERT INTO `station_data`(`tag`, `name`, `memo`) VALUES(3278, '3-R-8', '三樓退料第八格格位');
INSERT INTO `station_data`(`tag`, `name`, `memo`) VALUES(3073, '3-S', '三樓待命點');
INSERT INTO `station_data`(`tag`, `name`, `memo`) VALUES(2259, '2-T-1', '二樓暫存第一格格位');
INSERT INTO `station_data`(`tag`, `name`, `memo`) VALUES(2260, '2-T-2', '二樓暫存第二格格位');
INSERT INTO `station_data`(`tag`, `name`, `memo`) VALUES(2261, '2-T-3', '二樓暫存第三格格位');
INSERT INTO `station_data`(`tag`, `name`, `memo`) VALUES(2262, '2-T-4', '二樓暫存第四格格位');
INSERT INTO `station_data`(`tag`, `name`, `memo`) VALUES(2263, '2-T-5', '二樓暫存第五格格位');
INSERT INTO `station_data`(`tag`, `name`, `memo`) VALUES(2264, '2-T-6', '二樓暫存第六格格位');
INSERT INTO `station_data`(`tag`, `name`, `memo`) VALUES(2265, '2-T-7', '二樓暫存第七格格位');
INSERT INTO `station_data`(`tag`, `name`, `memo`) VALUES(2266, '2-T-8', '二樓暫存第八格格位');
INSERT INTO `station_data`(`tag`, `name`, `memo`) VALUES(2267, '2-T-9', '二樓暫存第九格格位');
INSERT INTO `station_data`(`tag`, `name`, `memo`) VALUES(2268, '2-T-10', '二樓暫存第十格格位');
INSERT INTO `station_data`(`tag`, `name`, `memo`) VALUES(2537, '2-A-1', '二樓A區第一格格位');
INSERT INTO `station_data`(`tag`, `name`, `memo`) VALUES(2538, '2-A-2', '二樓A區第二格格位');
INSERT INTO `station_data`(`tag`, `name`, `memo`) VALUES(2535, '2-A-3', '二樓A區第三格格位');
INSERT INTO `station_data`(`tag`, `name`, `memo`) VALUES(2536, '2-A-4', '二樓A區第四格格位');
INSERT INTO `station_data`(`tag`, `name`, `memo`) VALUES(2533, '2-A-5', '二樓A區第五格格位');
INSERT INTO `station_data`(`tag`, `name`, `memo`) VALUES(2534, '2-A-6', '二樓A區第六格格位');
INSERT INTO `station_data`(`tag`, `name`, `memo`) VALUES(2531, '2-A-7', '二樓A區第七格格位');
INSERT INTO `station_data`(`tag`, `name`, `memo`) VALUES(2532, '2-A-8', '二樓A區第八格格位');
INSERT INTO `station_data`(`tag`, `name`, `memo`) VALUES(2529, '2-A-9', '二樓A區第九格格位');
INSERT INTO `station_data`(`tag`, `name`, `memo`) VALUES(2530, '2-A-10', '二樓A區第十格格位');
INSERT INTO `station_data`(`tag`, `name`, `memo`) VALUES(2527, '2-A-11', '二樓A區第十一格格位');
INSERT INTO `station_data`(`tag`, `name`, `memo`) VALUES(2528, '2-A-12', '二樓A區第十二格格位');
INSERT INTO `station_data`(`tag`, `name`, `memo`) VALUES(2525, '2-A-13', '二樓A區第十三格格位');
INSERT INTO `station_data`(`tag`, `name`, `memo`) VALUES(2526, '2-A-14', '二樓A區第十四格格位');
INSERT INTO `station_data`(`tag`, `name`, `memo`) VALUES(2523, '2-A-15', '二樓A區第十五格格位');
INSERT INTO `station_data`(`tag`, `name`, `memo`) VALUES(2524, '2-A-16', '二樓A區第十六格格位');
INSERT INTO `station_data`(`tag`, `name`, `memo`) VALUES(2521, '2-A-17', '二樓A區第十七格格位');
INSERT INTO `station_data`(`tag`, `name`, `memo`) VALUES(2522, '2-A-18', '二樓A區第十八格格位');
INSERT INTO `station_data`(`tag`, `name`, `memo`) VALUES(2519, '2-A-19', '二樓A區第十九格格位');
INSERT INTO `station_data`(`tag`, `name`, `memo`) VALUES(2520, '2-A-20', '二樓A區第二十格格位');
INSERT INTO `station_data`(`tag`, `name`, `memo`) VALUES(2001, '2-S', '二樓待命點');
INSERT INTO `station_data`(`tag`, `name`, `memo`) VALUES(0505, 'E-1', '電梯第一格格位');
INSERT INTO `station_data`(`tag`, `name`, `memo`) VALUES(0501, 'E-2', '電梯第二格格位');
INSERT INTO `station_data`(`tag`, `name`, `memo`) VALUES(0506, 'E-3', '電梯第三格格位');
INSERT INTO `station_data`(`tag`, `name`, `memo`) VALUES(0502, 'E-4', '電梯第四格格位');
INSERT INTO `station_data`(`tag`, `name`, `memo`) VALUES(0507, 'E-5', '電梯第五格格位');
INSERT INTO `station_data`(`tag`, `name`, `memo`) VALUES(0503, 'E-6', '電梯第六格格位');
INSERT INTO `station_data`(`tag`, `name`, `memo`) VALUES(0508, 'E-7', '電梯第七格格位');
INSERT INTO `station_data`(`tag`, `name`, `memo`) VALUES(0504, 'E-8', '電梯第八格格位');
INSERT INTO `station_data`(`tag`, `name`, `memo`) VALUES(9999, 'Elevator', '電梯');


INSERT INTO `grid_list`(`station_id`, `status`) VALUES(1, 0);
INSERT INTO `grid_list`(`station_id`, `status`) VALUES(2, 0);
INSERT INTO `grid_list`(`station_id`, `status`) VALUES(3, 0);
INSERT INTO `grid_list`(`station_id`, `status`) VALUES(4, 0);
INSERT INTO `grid_list`(`station_id`, `status`) VALUES(5, 0);
INSERT INTO `grid_list`(`station_id`, `status`) VALUES(6, 0);
INSERT INTO `grid_list`(`station_id`, `status`) VALUES(7, 0);
INSERT INTO `grid_list`(`station_id`, `status`) VALUES(8, 0);
INSERT INTO `grid_list`(`station_id`, `status`) VALUES(9, 0);
INSERT INTO `grid_list`(`station_id`, `status`) VALUES(10, 0);
INSERT INTO `grid_list`(`station_id`, `status`) VALUES(11, 0);
INSERT INTO `grid_list`(`station_id`, `status`) VALUES(12, 0);
INSERT INTO `grid_list`(`station_id`, `status`) VALUES(13, 0);
INSERT INTO `grid_list`(`station_id`, `status`) VALUES(14, 0);
INSERT INTO `grid_list`(`station_id`, `status`) VALUES(15, 0);
INSERT INTO `grid_list`(`station_id`, `status`) VALUES(16, 0);
INSERT INTO `grid_list`(`station_id`, `status`) VALUES(17, 0);
INSERT INTO `grid_list`(`station_id`, `status`) VALUES(18, 0);
INSERT INTO `grid_list`(`station_id`, `status`) VALUES(19, 0);
INSERT INTO `grid_list`(`station_id`, `status`) VALUES(20, 0);
INSERT INTO `grid_list`(`station_id`, `status`) VALUES(21, 0);
INSERT INTO `grid_list`(`station_id`, `status`) VALUES(22, 0);
INSERT INTO `grid_list`(`station_id`, `status`) VALUES(23, 0);
INSERT INTO `grid_list`(`station_id`, `status`) VALUES(24, 0);
INSERT INTO `grid_list`(`station_id`, `status`) VALUES(25, 0);
INSERT INTO `grid_list`(`station_id`, `status`) VALUES(26, 0);
INSERT INTO `grid_list`(`station_id`, `status`) VALUES(27, 0);
INSERT INTO `grid_list`(`station_id`, `status`) VALUES(28, 0);
INSERT INTO `grid_list`(`station_id`, `status`) VALUES(29, 0);
INSERT INTO `grid_list`(`station_id`, `status`) VALUES(30, 0);
INSERT INTO `grid_list`(`station_id`, `status`) VALUES(31, 0);
INSERT INTO `grid_list`(`station_id`, `status`) VALUES(32, 0);
INSERT INTO `grid_list`(`station_id`, `status`) VALUES(33, 0);
INSERT INTO `grid_list`(`station_id`, `status`) VALUES(34, 0);
INSERT INTO `grid_list`(`station_id`, `status`) VALUES(35, 0);
INSERT INTO `grid_list`(`station_id`, `status`) VALUES(36, 0);
INSERT INTO `grid_list`(`station_id`, `status`) VALUES(37, 0);
INSERT INTO `grid_list`(`station_id`, `status`) VALUES(38, 0);
INSERT INTO `grid_list`(`station_id`, `status`) VALUES(39, 0);
INSERT INTO `grid_list`(`station_id`, `status`) VALUES(40, 0);
INSERT INTO `grid_list`(`station_id`, `status`) VALUES(41, 0);
INSERT INTO `grid_list`(`station_id`, `status`) VALUES(42, 0);
INSERT INTO `grid_list`(`station_id`, `status`) VALUES(43, 0);
INSERT INTO `grid_list`(`station_id`, `status`) VALUES(44, 0);
INSERT INTO `grid_list`(`station_id`, `status`) VALUES(45, 0);
INSERT INTO `grid_list`(`station_id`, `status`) VALUES(46, 0);
INSERT INTO `grid_list`(`station_id`, `status`) VALUES(47, 0);
INSERT INTO `grid_list`(`station_id`, `status`) VALUES(48, 0);
INSERT INTO `grid_list`(`station_id`, `status`) VALUES(49, 0);
INSERT INTO `grid_list`(`station_id`, `status`) VALUES(50, 0);
INSERT INTO `grid_list`(`station_id`, `status`) VALUES(51, 0);
INSERT INTO `grid_list`(`station_id`, `status`) VALUES(52, 0);
INSERT INTO `grid_list`(`station_id`, `status`) VALUES(53, 0);
INSERT INTO `grid_list`(`station_id`, `status`) VALUES(54, 0);
INSERT INTO `grid_list`(`station_id`, `status`) VALUES(55, 0);
INSERT INTO `grid_list`(`station_id`, `status`) VALUES(56, 0);
INSERT INTO `grid_list`(`station_id`, `status`) VALUES(57, 0);
INSERT INTO `grid_list`(`station_id`, `status`) VALUES(58, 0);
INSERT INTO `grid_list`(`station_id`, `status`) VALUES(59, 0);
INSERT INTO `grid_list`(`station_id`, `status`) VALUES(60, 0);
INSERT INTO `grid_list`(`station_id`, `status`) VALUES(61, 0);
INSERT INTO `grid_list`(`station_id`, `status`) VALUES(62, 0);
INSERT INTO `grid_list`(`station_id`, `status`) VALUES(63, 0);
INSERT INTO `grid_list`(`station_id`, `status`) VALUES(64, 0);
INSERT INTO `grid_list`(`station_id`, `status`) VALUES(65, 0);
INSERT INTO `grid_list`(`station_id`, `status`) VALUES(66, 0);
INSERT INTO `grid_list`(`station_id`, `status`) VALUES(67, 0);
INSERT INTO `grid_list`(`station_id`, `status`) VALUES(68, 0);
INSERT INTO `grid_list`(`station_id`, `status`) VALUES(69, 0);
INSERT INTO `grid_list`(`station_id`, `status`) VALUES(70, 0);
INSERT INTO `grid_list`(`station_id`, `status`) VALUES(71, 0);
INSERT INTO `grid_list`(`station_id`, `status`) VALUES(72, 0);
INSERT INTO `grid_list`(`station_id`, `status`) VALUES(73, 0);
INSERT INTO `grid_list`(`station_id`, `status`) VALUES(74, 0);
INSERT INTO `grid_list`(`station_id`, `status`) VALUES(75, 0);
INSERT INTO `grid_list`(`station_id`, `status`) VALUES(76, 0);
INSERT INTO `grid_list`(`station_id`, `status`) VALUES(77, 0);
INSERT INTO `grid_list`(`station_id`, `status`) VALUES(78, 0);
INSERT INTO `grid_list`(`station_id`, `status`) VALUES(79, 0);
INSERT INTO `grid_list`(`station_id`, `status`) VALUES(80, 0);
INSERT INTO `grid_list`(`station_id`, `status`) VALUES(81, 0);
INSERT INTO `grid_list`(`station_id`, `status`) VALUES(82, 0);
INSERT INTO `grid_list`(`station_id`, `status`) VALUES(83, 0);
INSERT INTO `grid_list`(`station_id`, `status`) VALUES(84, 0);
INSERT INTO `grid_list`(`station_id`, `status`) VALUES(85, 0);
INSERT INTO `grid_list`(`station_id`, `status`) VALUES(86, 0);
INSERT INTO `grid_list`(`station_id`, `status`) VALUES(87, 0);
INSERT INTO `grid_list`(`station_id`, `status`) VALUES(88, 0);
INSERT INTO `grid_list`(`station_id`, `status`) VALUES(89, 0);
INSERT INTO `grid_list`(`station_id`, `status`) VALUES(90, 0);
INSERT INTO `grid_list`(`station_id`, `status`) VALUES(91, 0);
INSERT INTO `grid_list`(`station_id`, `status`) VALUES(92, 0);
INSERT INTO `grid_list`(`station_id`, `status`) VALUES(93, 0);
INSERT INTO `grid_list`(`station_id`, `status`) VALUES(94, 0);
INSERT INTO `grid_list`(`station_id`, `status`) VALUES(95, 0);
INSERT INTO `grid_list`(`station_id`, `status`) VALUES(96, 0);
INSERT INTO `grid_list`(`station_id`, `status`) VALUES(97, 0);
INSERT INTO `grid_list`(`station_id`, `status`) VALUES(98, 0);
INSERT INTO `grid_list`(`station_id`, `status`) VALUES(99, 0);
INSERT INTO `grid_list`(`station_id`, `status`) VALUES(100, 0);
INSERT INTO `grid_list`(`station_id`, `status`) VALUES(101, 0);
INSERT INTO `grid_list`(`station_id`, `status`) VALUES(102, 0);
INSERT INTO `grid_list`(`station_id`, `status`) VALUES(103, 0);
INSERT INTO `grid_list`(`station_id`, `status`) VALUES(104, 0);
INSERT INTO `grid_list`(`station_id`, `status`) VALUES(105, 0);
INSERT INTO `grid_list`(`station_id`, `status`) VALUES(106, 0);
INSERT INTO `grid_list`(`station_id`, `status`) VALUES(107, 0);
INSERT INTO `grid_list`(`station_id`, `status`) VALUES(108, 0);
INSERT INTO `grid_list`(`station_id`, `status`) VALUES(109, 0);
INSERT INTO `grid_list`(`station_id`, `status`) VALUES(110, 0);
INSERT INTO `grid_list`(`station_id`, `status`) VALUES(111, 0);
INSERT INTO `grid_list`(`station_id`, `status`) VALUES(112, 0);
INSERT INTO `grid_list`(`station_id`, `status`) VALUES(113, 0);
INSERT INTO `grid_list`(`station_id`, `status`) VALUES(114, 0);
INSERT INTO `grid_list`(`station_id`, `status`) VALUES(115, 0);



INSERT INTO `mode_data`(`mode`, `name`, `memo`) VALUES(0, 'default', '預設模式。');
INSERT INTO `mode_data`(`mode`, `name`, `memo`) VALUES(1, 'transport', '物件轉載。');
INSERT INTO `mode_data`(`mode`, `name`, `memo`) VALUES(100, 'call elevator', '呼叫電梯。');
INSERT INTO `mode_data`(`mode`, `name`, `memo`) VALUES(101, 'elevator transport', '電梯運送。');

INSERT INTO `task_detail_title`(`name`) VALUES('AMR#1');
INSERT INTO `task_detail_title`(`name`) VALUES('AMR#2');
INSERT INTO `task_detail_title`(`name`) VALUES('AMR#3');
INSERT INTO `task_detail_title`(`name`) VALUES('Elevator');

INSERT INTO `task_phase`(`name`) VALUES('任務未開始');
INSERT INTO `task_phase`(`name`) VALUES('呼叫電梯中');
INSERT INTO `task_phase`(`name`) VALUES('第一階段派遣中(一樓)');
INSERT INTO `task_phase`(`name`) VALUES('電梯運送中');
INSERT INTO `task_phase`(`name`) VALUES('第二階段派遣中(三樓)');
INSERT INTO `task_phase`(`name`) VALUES('第三階段派遣中(三樓)');
INSERT INTO `task_phase`(`name`) VALUES('任務完成');
INSERT INTO `task_phase`(`name`) VALUES('搬運中');
INSERT INTO `task_phase`(`name`) VALUES('第一階段派遣中(三樓)');
INSERT INTO `task_phase`(`name`) VALUES('第三階段派遣中(一樓)');
INSERT INTO `task_phase`(`name`) VALUES('任務已取消');


INSERT INTO `task_list`(`task_number`, `create_task_time`, `steps`) VALUES('#YE202310260001', '20231026160422', 8);
INSERT INTO `now_task_list`(`task_number`, `steps`) VALUES('#YE202310260001', 8);
INSERT INTO `task_detail`(`task_number`, `title_id`, `sequence`, `mode_id`, `create_task_time`) VALUES('#YE202310260001', 4, 1, 3, "20231026135233");
INSERT INTO `task_detail`(`task_number`, `title_id`, `sequence`, `start_id`, `terminal_id`, `mode_id`, `create_task_time`) VALUES('#YE202310260001', 1, 2, 1, 108, 2, "20231026135233");
INSERT INTO `task_detail`(`task_number`, `title_id`, `sequence`, `start_id`, `terminal_id`, `mode_id`, `create_task_time`) VALUES('#YE202310260001', 1, 3, 2, 109, 2, "20231026135233");
INSERT INTO `task_detail`(`task_number`, `title_id`, `sequence`, `mode_id`, `create_task_time`) VALUES('#YE202310260001', 4, 4, 4, "20231026135233");
INSERT INTO `task_detail`(`task_number`, `title_id`, `sequence`, `start_id`, `terminal_id`, `mode_id`, `create_task_time`) VALUES('#YE202310260001', 3, 5, 109, 12, 2, "20231026135233");
INSERT INTO `task_detail`(`task_number`, `title_id`, `sequence`, `start_id`, `terminal_id`, `mode_id`, `create_task_time`) VALUES('#YE202310260001', 3, 6, 108, 13, 2, "20231026135233");
INSERT INTO `task_detail`(`task_number`, `title_id`, `sequence`, `start_id`, `terminal_id`, `mode_id`, `create_task_time`) VALUES('#YE202310260001', 3, 7, 13, 21, 2, "20231026135233");
INSERT INTO `task_detail`(`task_number`, `title_id`, `sequence`, `start_id`, `terminal_id`, `mode_id`, `create_task_time`) VALUES('#YE202310260001', 3, 8, 12, 20, 2, "20231026135233");

INSERT INTO `task_list`(`task_number`, `create_task_time`, `steps`) VALUES('#YE202310260002', '20231026170422', 11);
INSERT INTO `now_task_list`(`task_number`, `steps`) VALUES('#YE202310260002', 11);
INSERT INTO `task_detail`(`task_number`, `title_id`, `sequence`, `mode_id`, `create_task_time`) VALUES('#YE202310260002', 4, 1, 3, "20231026135233");
INSERT INTO `task_detail`(`task_number`, `title_id`, `sequence`, `start_id`, `terminal_id`, `mode_id`, `create_task_time`) VALUES('#YE202310260002', 1, 2, 1, 108, 2, "20231026135233");
INSERT INTO `task_detail`(`task_number`, `title_id`, `sequence`, `start_id`, `terminal_id`, `mode_id`, `create_task_time`) VALUES('#YE202310260002', 1, 3, 2, 109, 2, "20231026135233");
INSERT INTO `task_detail`(`task_number`, `title_id`, `sequence`, `start_id`, `terminal_id`, `mode_id`, `create_task_time`) VALUES('#YE202310260002', 1, 4, 3, 110, 2, "20231026135233");
INSERT INTO `task_detail`(`task_number`, `title_id`, `sequence`, `mode_id`, `create_task_time`) VALUES('#YE202310260002', 4, 5, 4, "20231026135233");
INSERT INTO `task_detail`(`task_number`, `title_id`, `sequence`, `start_id`, `terminal_id`, `mode_id`, `create_task_time`) VALUES('#YE202310260002', 3, 6, 110, 12, 2, "20231026135233");
INSERT INTO `task_detail`(`task_number`, `title_id`, `sequence`, `start_id`, `terminal_id`, `mode_id`, `create_task_time`) VALUES('#YE202310260002', 3, 7, 109, 13, 2, "20231026135233");
INSERT INTO `task_detail`(`task_number`, `title_id`, `sequence`, `start_id`, `terminal_id`, `mode_id`, `create_task_time`) VALUES('#YE202310260002', 3, 8, 108, 14, 2, "20231026135233");
INSERT INTO `task_detail`(`task_number`, `title_id`, `sequence`, `start_id`, `terminal_id`, `mode_id`, `create_task_time`) VALUES('#YE202310260002', 3, 9, 14, 21, 2, "20231026135233");
INSERT INTO `task_detail`(`task_number`, `title_id`, `sequence`, `start_id`, `terminal_id`, `mode_id`, `create_task_time`) VALUES('#YE202310260002', 3, 10, 13, 20, 2, "20231026135233");
INSERT INTO `task_detail`(`task_number`, `title_id`, `sequence`, `start_id`, `terminal_id`, `mode_id`, `create_task_time`) VALUES('#YE202310260002', 3, 11, 12, 23, 2, "20231026135233");



INSERT INTO `notification_history_title_data`(`name`, `memo`) VALUES('AGV System', 'AGV System');
INSERT INTO `notification_history_title_data`(`name`, `memo`) VALUES('AMR#1', 'AMR#1');
INSERT INTO `notification_history_title_data`(`name`, `memo`) VALUES('AMR#2', 'AMR#2');
INSERT INTO `notification_history_title_data`(`name`, `memo`) VALUES('AMR#3', 'AMR#3');
-- INSERT INTO `notification_history_title_data`(`name`, `memo`) VALUES('Caller1', 'Caller1');
-- INSERT INTO `notification_history_title_data`(`name`, `memo`) VALUES('Caller2', 'Caller2');



INSERT INTO `notification_history`(`title_id`, `level`, `message`) VALUES(1, 1, 'Online');
INSERT INTO `notification_history`(`title_id`, `level`, `message`) VALUES(3, 0, 'Completed #NE202308230001');
INSERT INTO `notification_history`(`title_id`, `level`, `message`) VALUES(4, 3, 'Emergency stop');
INSERT INTO `notification_history`(`title_id`, `level`, `message`) VALUES(2, 2, 'Obstacle');
INSERT INTO `notification_history`(`title_id`, `level`, `message`) VALUES(4, 1, 'Online');
INSERT INTO `notification_history`(`title_id`, `level`, `message`) VALUES(1, 1, 'Online');
INSERT INTO `notification_history`(`title_id`, `level`, `message`) VALUES(3, 0, 'Completed #NE202308230002');
INSERT INTO `notification_history`(`title_id`, `level`, `message`) VALUES(4, 3, 'Emergency stop');
INSERT INTO `notification_history`(`title_id`, `level`, `message`) VALUES(2, 2, 'Obstacle');
INSERT INTO `notification_history`(`title_id`, `level`, `message`) VALUES(4, 1, 'Online');
INSERT INTO `notification_history`(`title_id`, `level`, `message`) VALUES(1, 1, 'Online');
INSERT INTO `notification_history`(`title_id`, `level`, `message`) VALUES(3, 0, 'Completed #NE202308230003');
INSERT INTO `notification_history`(`title_id`, `level`, `message`) VALUES(4, 3, 'Emergency stop');
INSERT INTO `notification_history`(`title_id`, `level`, `message`) VALUES(2, 2, 'Obstacle');
INSERT INTO `notification_history`(`title_id`, `level`, `message`) VALUES(4, 1, 'Online');


INSERT INTO `analysis`(`agv_id`,`year`,`month`,`day`,`week`,`working_minute`,`open_minute`,`task`) VALUES(1,2022,11,1,2,600,840,42);
INSERT INTO `analysis`(`agv_id`,`year`,`month`,`day`,`week`,`working_minute`,`open_minute`,`task`) VALUES(1,2022,11,2,3,600,840,40);
INSERT INTO `analysis`(`agv_id`,`year`,`month`,`day`,`week`,`working_minute`,`open_minute`,`task`) VALUES(1,2022,11,3,4,480,840,33);
INSERT INTO `analysis`(`agv_id`,`year`,`month`,`day`,`week`,`working_minute`,`open_minute`,`task`) VALUES(1,2022,11,4,5,360,840,22);
INSERT INTO `analysis`(`agv_id`,`year`,`month`,`day`,`week`,`working_minute`,`open_minute`,`task`) VALUES(1,2022,11,5,6,540,840,34);
INSERT INTO `analysis`(`agv_id`,`year`,`month`,`day`,`week`,`working_minute`,`open_minute`,`task`) VALUES(1,2022,11,6,7,720,840,41);
INSERT INTO `analysis`(`agv_id`,`year`,`month`,`day`,`week`,`working_minute`,`open_minute`,`task`) VALUES(1,2022,11,7,1,720,840,49);
INSERT INTO `analysis`(`agv_id`,`year`,`month`,`day`,`week`,`working_minute`,`open_minute`,`task`) VALUES(1,2022,11,8,2,360,840,28);
INSERT INTO `analysis`(`agv_id`,`year`,`month`,`day`,`week`,`working_minute`,`open_minute`,`task`) VALUES(1,2022,11,9,3,480,840,35);
INSERT INTO `analysis`(`agv_id`,`year`,`month`,`day`,`week`,`working_minute`,`open_minute`,`task`) VALUES(1,2022,11,10,4,540,840,34);
INSERT INTO `analysis`(`agv_id`,`year`,`month`,`day`,`week`,`working_minute`,`open_minute`,`task`) VALUES(1,2022,11,11,5,660,840,42);
INSERT INTO `analysis`(`agv_id`,`year`,`month`,`day`,`week`,`working_minute`,`open_minute`,`task`) VALUES(1,2022,11,12,6,720,840,44);
INSERT INTO `analysis`(`agv_id`,`year`,`month`,`day`,`week`,`working_minute`,`open_minute`,`task`) VALUES(1,2022,11,13,7,600,840,38);
INSERT INTO `analysis`(`agv_id`,`year`,`month`,`day`,`week`,`working_minute`,`open_minute`,`task`) VALUES(1,2022,11,14,1,360,840,22);
INSERT INTO `analysis`(`agv_id`,`year`,`month`,`day`,`week`,`working_minute`,`open_minute`,`task`) VALUES(1,2022,11,15,2,420,840,29);
INSERT INTO `analysis`(`agv_id`,`year`,`month`,`day`,`week`,`working_minute`,`open_minute`,`task`) VALUES(1,2022,11,16,3,480,840,32);
INSERT INTO `analysis`(`agv_id`,`year`,`month`,`day`,`week`,`working_minute`,`open_minute`,`task`) VALUES(1,2022,11,17,4,540,840,34);
INSERT INTO `analysis`(`agv_id`,`year`,`month`,`day`,`week`,`working_minute`,`open_minute`,`task`) VALUES(1,2022,11,18,5,600,840,38);
INSERT INTO `analysis`(`agv_id`,`year`,`month`,`day`,`week`,`working_minute`,`open_minute`,`task`) VALUES(1,2022,11,19,6,360,840,23);
INSERT INTO `analysis`(`agv_id`,`year`,`month`,`day`,`week`,`working_minute`,`open_minute`,`task`) VALUES(1,2022,11,20,7,660,840,40);
INSERT INTO `analysis`(`agv_id`,`year`,`month`,`day`,`week`,`working_minute`,`open_minute`,`task`) VALUES(1,2022,11,21,1,540,840,38);
INSERT INTO `analysis`(`agv_id`,`year`,`month`,`day`,`week`,`working_minute`,`open_minute`,`task`) VALUES(1,2022,11,22,2,780,840,55);
INSERT INTO `analysis`(`agv_id`,`year`,`month`,`day`,`week`,`working_minute`,`open_minute`,`task`) VALUES(1,2022,11,23,3,720,840,45);
INSERT INTO `analysis`(`agv_id`,`year`,`month`,`day`,`week`,`working_minute`,`open_minute`,`task`) VALUES(1,2022,11,24,4,600,840,32);
INSERT INTO `analysis`(`agv_id`,`year`,`month`,`day`,`week`,`working_minute`,`open_minute`,`task`) VALUES(1,2022,11,25,5,540,840,29);
INSERT INTO `analysis`(`agv_id`,`year`,`month`,`day`,`week`,`working_minute`,`open_minute`,`task`) VALUES(1,2022,11,26,6,600,840,34);
INSERT INTO `analysis`(`agv_id`,`year`,`month`,`day`,`week`,`working_minute`,`open_minute`,`task`) VALUES(1,2022,11,27,7,660,840,38);
INSERT INTO `analysis`(`agv_id`,`year`,`month`,`day`,`week`,`working_minute`,`open_minute`,`task`) VALUES(1,2022,11,28,1,660,840,42);
INSERT INTO `analysis`(`agv_id`,`year`,`month`,`day`,`week`,`working_minute`,`open_minute`,`task`) VALUES(1,2022,11,29,2,720,840,48);
INSERT INTO `analysis`(`agv_id`,`year`,`month`,`day`,`week`,`working_minute`,`open_minute`,`task`) VALUES(1,2022,11,30,3,540,840,33);

INSERT INTO `analysis`(`agv_id`,`year`,`month`,`day`,`week`,`working_minute`,`open_minute`,`task`) VALUES(1,2022,12,1,4,600,840,42);
INSERT INTO `analysis`(`agv_id`,`year`,`month`,`day`,`week`,`working_minute`,`open_minute`,`task`) VALUES(1,2022,12,2,5,600,840,40);
INSERT INTO `analysis`(`agv_id`,`year`,`month`,`day`,`week`,`working_minute`,`open_minute`,`task`) VALUES(1,2022,12,3,6,480,840,33);
INSERT INTO `analysis`(`agv_id`,`year`,`month`,`day`,`week`,`working_minute`,`open_minute`,`task`) VALUES(1,2022,12,4,7,360,840,22);
INSERT INTO `analysis`(`agv_id`,`year`,`month`,`day`,`week`,`working_minute`,`open_minute`,`task`) VALUES(1,2022,12,5,1,540,840,34);
INSERT INTO `analysis`(`agv_id`,`year`,`month`,`day`,`week`,`working_minute`,`open_minute`,`task`) VALUES(1,2022,12,6,2,720,840,41);
INSERT INTO `analysis`(`agv_id`,`year`,`month`,`day`,`week`,`working_minute`,`open_minute`,`task`) VALUES(1,2022,12,7,3,720,840,49);
INSERT INTO `analysis`(`agv_id`,`year`,`month`,`day`,`week`,`working_minute`,`open_minute`,`task`) VALUES(1,2022,12,8,4,360,840,28);
INSERT INTO `analysis`(`agv_id`,`year`,`month`,`day`,`week`,`working_minute`,`open_minute`,`task`) VALUES(1,2022,12,9,5,480,840,35);
INSERT INTO `analysis`(`agv_id`,`year`,`month`,`day`,`week`,`working_minute`,`open_minute`,`task`) VALUES(1,2022,12,10,6,540,840,34);
INSERT INTO `analysis`(`agv_id`,`year`,`month`,`day`,`week`,`working_minute`,`open_minute`,`task`) VALUES(1,2022,12,11,7,660,840,42);
INSERT INTO `analysis`(`agv_id`,`year`,`month`,`day`,`week`,`working_minute`,`open_minute`,`task`) VALUES(1,2022,12,12,1,720,840,44);
INSERT INTO `analysis`(`agv_id`,`year`,`month`,`day`,`week`,`working_minute`,`open_minute`,`task`) VALUES(1,2022,12,13,2,600,840,38);
INSERT INTO `analysis`(`agv_id`,`year`,`month`,`day`,`week`,`working_minute`,`open_minute`,`task`) VALUES(1,2022,12,14,3,360,840,22);
INSERT INTO `analysis`(`agv_id`,`year`,`month`,`day`,`week`,`working_minute`,`open_minute`,`task`) VALUES(1,2022,12,15,4,420,840,29);
INSERT INTO `analysis`(`agv_id`,`year`,`month`,`day`,`week`,`working_minute`,`open_minute`,`task`) VALUES(1,2022,12,16,5,480,840,32);
INSERT INTO `analysis`(`agv_id`,`year`,`month`,`day`,`week`,`working_minute`,`open_minute`,`task`) VALUES(1,2022,12,17,6,429,840,34);
INSERT INTO `analysis`(`agv_id`,`year`,`month`,`day`,`week`,`working_minute`,`open_minute`,`task`) VALUES(1,2022,12,18,7,432,840,38);
INSERT INTO `analysis`(`agv_id`,`year`,`month`,`day`,`week`,`working_minute`,`open_minute`,`task`) VALUES(1,2022,12,19,1,733,840,23);
INSERT INTO `analysis`(`agv_id`,`year`,`month`,`day`,`week`,`working_minute`,`open_minute`,`task`) VALUES(1,2022,12,20,2,344,840,40);
INSERT INTO `analysis`(`agv_id`,`year`,`month`,`day`,`week`,`working_minute`,`open_minute`,`task`) VALUES(1,2022,12,21,3,544,840,38);
INSERT INTO `analysis`(`agv_id`,`year`,`month`,`day`,`week`,`working_minute`,`open_minute`,`task`) VALUES(1,2022,12,22,4,433,840,55);
INSERT INTO `analysis`(`agv_id`,`year`,`month`,`day`,`week`,`working_minute`,`open_minute`,`task`) VALUES(1,2022,12,23,5,733,840,45);
INSERT INTO `analysis`(`agv_id`,`year`,`month`,`day`,`week`,`working_minute`,`open_minute`,`task`) VALUES(1,2022,12,24,6,293,840,32);
INSERT INTO `analysis`(`agv_id`,`year`,`month`,`day`,`week`,`working_minute`,`open_minute`,`task`) VALUES(1,2022,12,25,7,530,840,29);
INSERT INTO `analysis`(`agv_id`,`year`,`month`,`day`,`week`,`working_minute`,`open_minute`,`task`) VALUES(1,2022,12,26,1,649,840,34);
INSERT INTO `analysis`(`agv_id`,`year`,`month`,`day`,`week`,`working_minute`,`open_minute`,`task`) VALUES(1,2022,12,27,2,740,840,38);
INSERT INTO `analysis`(`agv_id`,`year`,`month`,`day`,`week`,`working_minute`,`open_minute`,`task`) VALUES(1,2022,12,28,3,623,840,42);
INSERT INTO `analysis`(`agv_id`,`year`,`month`,`day`,`week`,`working_minute`,`open_minute`,`task`) VALUES(1,2022,12,29,4,720,840,48);
INSERT INTO `analysis`(`agv_id`,`year`,`month`,`day`,`week`,`working_minute`,`open_minute`,`task`) VALUES(1,2022,12,30,5,532,840,33);
INSERT INTO `analysis`(`agv_id`,`year`,`month`,`day`,`week`,`working_minute`,`open_minute`,`task`) VALUES(1,2022,12,31,6,666,840,40);

INSERT INTO `analysis`(`agv_id`,`year`,`month`,`day`,`week`,`working_minute`,`open_minute`,`task`) VALUES(1,2023,1,1,7,603,840,42);
INSERT INTO `analysis`(`agv_id`,`year`,`month`,`day`,`week`,`working_minute`,`open_minute`,`task`) VALUES(1,2023,1,2,1,594,840,40);
INSERT INTO `analysis`(`agv_id`,`year`,`month`,`day`,`week`,`working_minute`,`open_minute`,`task`) VALUES(1,2023,1,3,2,444,840,33);
INSERT INTO `analysis`(`agv_id`,`year`,`month`,`day`,`week`,`working_minute`,`open_minute`,`task`) VALUES(1,2023,1,4,3,420,840,22);
INSERT INTO `analysis`(`agv_id`,`year`,`month`,`day`,`week`,`working_minute`,`open_minute`,`task`) VALUES(1,2023,1,5,4,500,840,34);
INSERT INTO `analysis`(`agv_id`,`year`,`month`,`day`,`week`,`working_minute`,`open_minute`,`task`) VALUES(1,2023,1,6,5,740,840,41);
INSERT INTO `analysis`(`agv_id`,`year`,`month`,`day`,`week`,`working_minute`,`open_minute`,`task`) VALUES(1,2023,1,7,6,777,840,49);
INSERT INTO `analysis`(`agv_id`,`year`,`month`,`day`,`week`,`working_minute`,`open_minute`,`task`) VALUES(1,2023,1,8,7,330,840,28);
INSERT INTO `analysis`(`agv_id`,`year`,`month`,`day`,`week`,`working_minute`,`open_minute`,`task`) VALUES(1,2023,1,9,1,422,840,35);
INSERT INTO `analysis`(`agv_id`,`year`,`month`,`day`,`week`,`working_minute`,`open_minute`,`task`) VALUES(1,2023,1,10,2,555,840,34);
INSERT INTO `analysis`(`agv_id`,`year`,`month`,`day`,`week`,`working_minute`,`open_minute`,`task`) VALUES(1,2023,1,11,3,666,840,42);
INSERT INTO `analysis`(`agv_id`,`year`,`month`,`day`,`week`,`working_minute`,`open_minute`,`task`) VALUES(1,2023,1,12,4,664,840,44);
INSERT INTO `analysis`(`agv_id`,`year`,`month`,`day`,`week`,`working_minute`,`open_minute`,`task`) VALUES(1,2023,1,13,5,654,840,38);
INSERT INTO `analysis`(`agv_id`,`year`,`month`,`day`,`week`,`working_minute`,`open_minute`,`task`) VALUES(1,2023,1,14,6,410,840,22);
INSERT INTO `analysis`(`agv_id`,`year`,`month`,`day`,`week`,`working_minute`,`open_minute`,`task`) VALUES(1,2023,1,15,7,405,840,29);
INSERT INTO `analysis`(`agv_id`,`year`,`month`,`day`,`week`,`working_minute`,`open_minute`,`task`) VALUES(1,2023,1,16,1,444,840,32);
INSERT INTO `analysis`(`agv_id`,`year`,`month`,`day`,`week`,`working_minute`,`open_minute`,`task`) VALUES(1,2023,1,17,2,749,840,34);
INSERT INTO `analysis`(`agv_id`,`year`,`month`,`day`,`week`,`working_minute`,`open_minute`,`task`) VALUES(1,2023,1,18,3,223,840,38);
INSERT INTO `analysis`(`agv_id`,`year`,`month`,`day`,`week`,`working_minute`,`open_minute`,`task`) VALUES(1,2023,1,19,4,283,840,23);
INSERT INTO `analysis`(`agv_id`,`year`,`month`,`day`,`week`,`working_minute`,`open_minute`,`task`) VALUES(1,2023,1,20,5,653,840,40);
INSERT INTO `analysis`(`agv_id`,`year`,`month`,`day`,`week`,`working_minute`,`open_minute`,`task`) VALUES(1,2023,1,21,6,661,840,38);
INSERT INTO `analysis`(`agv_id`,`year`,`month`,`day`,`week`,`working_minute`,`open_minute`,`task`) VALUES(1,2023,1,22,7,770,840,55);
INSERT INTO `analysis`(`agv_id`,`year`,`month`,`day`,`week`,`working_minute`,`open_minute`,`task`) VALUES(1,2023,1,23,1,810,840,45);
INSERT INTO `analysis`(`agv_id`,`year`,`month`,`day`,`week`,`working_minute`,`open_minute`,`task`) VALUES(1,2023,1,24,2,533,840,32);
INSERT INTO `analysis`(`agv_id`,`year`,`month`,`day`,`week`,`working_minute`,`open_minute`,`task`) VALUES(1,2023,1,25,3,532,840,29);
INSERT INTO `analysis`(`agv_id`,`year`,`month`,`day`,`week`,`working_minute`,`open_minute`,`task`) VALUES(1,2023,1,26,4,344,840,34);
INSERT INTO `analysis`(`agv_id`,`year`,`month`,`day`,`week`,`working_minute`,`open_minute`,`task`) VALUES(1,2023,1,27,5,443,840,38);
INSERT INTO `analysis`(`agv_id`,`year`,`month`,`day`,`week`,`working_minute`,`open_minute`,`task`) VALUES(1,2023,1,28,6,662,840,42);
INSERT INTO `analysis`(`agv_id`,`year`,`month`,`day`,`week`,`working_minute`,`open_minute`,`task`) VALUES(1,2023,1,29,7,728,840,48);
INSERT INTO `analysis`(`agv_id`,`year`,`month`,`day`,`week`,`working_minute`,`open_minute`,`task`) VALUES(1,2023,1,30,1,629,840,33);
INSERT INTO `analysis`(`agv_id`,`year`,`month`,`day`,`week`,`working_minute`,`open_minute`,`task`) VALUES(1,2023,1,31,2,331,14,10);


INSERT INTO `analysis`(`agv_id`,`year`,`month`,`day`,`week`,`working_minute`,`open_minute`,`task`) VALUES(2,2022,11,1,2,600,840,42);
INSERT INTO `analysis`(`agv_id`,`year`,`month`,`day`,`week`,`working_minute`,`open_minute`,`task`) VALUES(2,2022,11,2,3,600,840,40);
INSERT INTO `analysis`(`agv_id`,`year`,`month`,`day`,`week`,`working_minute`,`open_minute`,`task`) VALUES(2,2022,11,3,4,480,840,33);
INSERT INTO `analysis`(`agv_id`,`year`,`month`,`day`,`week`,`working_minute`,`open_minute`,`task`) VALUES(2,2022,11,4,5,360,840,22);
INSERT INTO `analysis`(`agv_id`,`year`,`month`,`day`,`week`,`working_minute`,`open_minute`,`task`) VALUES(2,2022,11,5,6,540,840,34);
INSERT INTO `analysis`(`agv_id`,`year`,`month`,`day`,`week`,`working_minute`,`open_minute`,`task`) VALUES(2,2022,11,6,7,720,840,41);
INSERT INTO `analysis`(`agv_id`,`year`,`month`,`day`,`week`,`working_minute`,`open_minute`,`task`) VALUES(2,2022,11,7,1,720,840,49);
INSERT INTO `analysis`(`agv_id`,`year`,`month`,`day`,`week`,`working_minute`,`open_minute`,`task`) VALUES(2,2022,11,8,2,360,840,28);
INSERT INTO `analysis`(`agv_id`,`year`,`month`,`day`,`week`,`working_minute`,`open_minute`,`task`) VALUES(2,2022,11,9,3,480,840,35);
INSERT INTO `analysis`(`agv_id`,`year`,`month`,`day`,`week`,`working_minute`,`open_minute`,`task`) VALUES(2,2022,11,10,4,540,840,34);
INSERT INTO `analysis`(`agv_id`,`year`,`month`,`day`,`week`,`working_minute`,`open_minute`,`task`) VALUES(2,2022,11,11,5,660,840,42);
INSERT INTO `analysis`(`agv_id`,`year`,`month`,`day`,`week`,`working_minute`,`open_minute`,`task`) VALUES(2,2022,11,12,6,720,840,44);
INSERT INTO `analysis`(`agv_id`,`year`,`month`,`day`,`week`,`working_minute`,`open_minute`,`task`) VALUES(2,2022,11,13,7,600,840,38);
INSERT INTO `analysis`(`agv_id`,`year`,`month`,`day`,`week`,`working_minute`,`open_minute`,`task`) VALUES(2,2022,11,14,1,360,840,22);
INSERT INTO `analysis`(`agv_id`,`year`,`month`,`day`,`week`,`working_minute`,`open_minute`,`task`) VALUES(2,2022,11,15,2,420,840,29);
INSERT INTO `analysis`(`agv_id`,`year`,`month`,`day`,`week`,`working_minute`,`open_minute`,`task`) VALUES(2,2022,11,16,3,480,840,32);
INSERT INTO `analysis`(`agv_id`,`year`,`month`,`day`,`week`,`working_minute`,`open_minute`,`task`) VALUES(2,2022,11,17,4,540,840,34);
INSERT INTO `analysis`(`agv_id`,`year`,`month`,`day`,`week`,`working_minute`,`open_minute`,`task`) VALUES(2,2022,11,18,5,600,840,38);
INSERT INTO `analysis`(`agv_id`,`year`,`month`,`day`,`week`,`working_minute`,`open_minute`,`task`) VALUES(2,2022,11,19,6,360,840,23);
INSERT INTO `analysis`(`agv_id`,`year`,`month`,`day`,`week`,`working_minute`,`open_minute`,`task`) VALUES(2,2022,11,20,7,660,840,40);
INSERT INTO `analysis`(`agv_id`,`year`,`month`,`day`,`week`,`working_minute`,`open_minute`,`task`) VALUES(2,2022,11,21,1,540,840,38);
INSERT INTO `analysis`(`agv_id`,`year`,`month`,`day`,`week`,`working_minute`,`open_minute`,`task`) VALUES(2,2022,11,22,2,780,840,55);
INSERT INTO `analysis`(`agv_id`,`year`,`month`,`day`,`week`,`working_minute`,`open_minute`,`task`) VALUES(2,2022,11,23,3,720,840,45);
INSERT INTO `analysis`(`agv_id`,`year`,`month`,`day`,`week`,`working_minute`,`open_minute`,`task`) VALUES(2,2022,11,24,4,600,840,32);
INSERT INTO `analysis`(`agv_id`,`year`,`month`,`day`,`week`,`working_minute`,`open_minute`,`task`) VALUES(2,2022,11,25,5,540,840,29);
INSERT INTO `analysis`(`agv_id`,`year`,`month`,`day`,`week`,`working_minute`,`open_minute`,`task`) VALUES(2,2022,11,26,6,600,840,34);
INSERT INTO `analysis`(`agv_id`,`year`,`month`,`day`,`week`,`working_minute`,`open_minute`,`task`) VALUES(2,2022,11,27,7,660,840,38);
INSERT INTO `analysis`(`agv_id`,`year`,`month`,`day`,`week`,`working_minute`,`open_minute`,`task`) VALUES(2,2022,11,28,1,660,840,42);
INSERT INTO `analysis`(`agv_id`,`year`,`month`,`day`,`week`,`working_minute`,`open_minute`,`task`) VALUES(2,2022,11,29,2,720,840,48);
INSERT INTO `analysis`(`agv_id`,`year`,`month`,`day`,`week`,`working_minute`,`open_minute`,`task`) VALUES(2,2022,11,30,3,540,840,33);

INSERT INTO `analysis`(`agv_id`,`year`,`month`,`day`,`week`,`working_minute`,`open_minute`,`task`) VALUES(2,2022,12,1,4,600,840,42);
INSERT INTO `analysis`(`agv_id`,`year`,`month`,`day`,`week`,`working_minute`,`open_minute`,`task`) VALUES(2,2022,12,2,5,600,840,40);
INSERT INTO `analysis`(`agv_id`,`year`,`month`,`day`,`week`,`working_minute`,`open_minute`,`task`) VALUES(2,2022,12,3,6,480,840,33);
INSERT INTO `analysis`(`agv_id`,`year`,`month`,`day`,`week`,`working_minute`,`open_minute`,`task`) VALUES(2,2022,12,4,7,360,840,22);
INSERT INTO `analysis`(`agv_id`,`year`,`month`,`day`,`week`,`working_minute`,`open_minute`,`task`) VALUES(2,2022,12,5,1,540,840,34);
INSERT INTO `analysis`(`agv_id`,`year`,`month`,`day`,`week`,`working_minute`,`open_minute`,`task`) VALUES(2,2022,12,6,2,720,840,41);
INSERT INTO `analysis`(`agv_id`,`year`,`month`,`day`,`week`,`working_minute`,`open_minute`,`task`) VALUES(2,2022,12,7,3,720,840,49);
INSERT INTO `analysis`(`agv_id`,`year`,`month`,`day`,`week`,`working_minute`,`open_minute`,`task`) VALUES(2,2022,12,8,4,360,840,28);
INSERT INTO `analysis`(`agv_id`,`year`,`month`,`day`,`week`,`working_minute`,`open_minute`,`task`) VALUES(2,2022,12,9,5,480,840,35);
INSERT INTO `analysis`(`agv_id`,`year`,`month`,`day`,`week`,`working_minute`,`open_minute`,`task`) VALUES(2,2022,12,10,6,540,840,34);
INSERT INTO `analysis`(`agv_id`,`year`,`month`,`day`,`week`,`working_minute`,`open_minute`,`task`) VALUES(2,2022,12,11,7,660,840,42);
INSERT INTO `analysis`(`agv_id`,`year`,`month`,`day`,`week`,`working_minute`,`open_minute`,`task`) VALUES(2,2022,12,12,1,720,840,44);
INSERT INTO `analysis`(`agv_id`,`year`,`month`,`day`,`week`,`working_minute`,`open_minute`,`task`) VALUES(2,2022,12,13,2,600,840,38);
INSERT INTO `analysis`(`agv_id`,`year`,`month`,`day`,`week`,`working_minute`,`open_minute`,`task`) VALUES(2,2022,12,14,3,360,840,22);
INSERT INTO `analysis`(`agv_id`,`year`,`month`,`day`,`week`,`working_minute`,`open_minute`,`task`) VALUES(2,2022,12,15,4,420,840,29);
INSERT INTO `analysis`(`agv_id`,`year`,`month`,`day`,`week`,`working_minute`,`open_minute`,`task`) VALUES(2,2022,12,16,5,480,840,32);
INSERT INTO `analysis`(`agv_id`,`year`,`month`,`day`,`week`,`working_minute`,`open_minute`,`task`) VALUES(2,2022,12,17,6,429,840,34);
INSERT INTO `analysis`(`agv_id`,`year`,`month`,`day`,`week`,`working_minute`,`open_minute`,`task`) VALUES(2,2022,12,18,7,432,840,38);
INSERT INTO `analysis`(`agv_id`,`year`,`month`,`day`,`week`,`working_minute`,`open_minute`,`task`) VALUES(2,2022,12,19,1,733,840,23);
INSERT INTO `analysis`(`agv_id`,`year`,`month`,`day`,`week`,`working_minute`,`open_minute`,`task`) VALUES(2,2022,12,20,2,344,840,40);
INSERT INTO `analysis`(`agv_id`,`year`,`month`,`day`,`week`,`working_minute`,`open_minute`,`task`) VALUES(2,2022,12,21,3,544,840,38);
INSERT INTO `analysis`(`agv_id`,`year`,`month`,`day`,`week`,`working_minute`,`open_minute`,`task`) VALUES(2,2022,12,22,4,433,840,55);
INSERT INTO `analysis`(`agv_id`,`year`,`month`,`day`,`week`,`working_minute`,`open_minute`,`task`) VALUES(2,2022,12,23,5,733,840,45);
INSERT INTO `analysis`(`agv_id`,`year`,`month`,`day`,`week`,`working_minute`,`open_minute`,`task`) VALUES(2,2022,12,24,6,293,840,32);
INSERT INTO `analysis`(`agv_id`,`year`,`month`,`day`,`week`,`working_minute`,`open_minute`,`task`) VALUES(2,2022,12,25,7,530,840,29);
INSERT INTO `analysis`(`agv_id`,`year`,`month`,`day`,`week`,`working_minute`,`open_minute`,`task`) VALUES(2,2022,12,26,1,649,840,34);
INSERT INTO `analysis`(`agv_id`,`year`,`month`,`day`,`week`,`working_minute`,`open_minute`,`task`) VALUES(2,2022,12,27,2,740,840,38);
INSERT INTO `analysis`(`agv_id`,`year`,`month`,`day`,`week`,`working_minute`,`open_minute`,`task`) VALUES(2,2022,12,28,3,623,840,42);
INSERT INTO `analysis`(`agv_id`,`year`,`month`,`day`,`week`,`working_minute`,`open_minute`,`task`) VALUES(2,2022,12,29,4,720,840,48);
INSERT INTO `analysis`(`agv_id`,`year`,`month`,`day`,`week`,`working_minute`,`open_minute`,`task`) VALUES(2,2022,12,30,5,532,840,33);
INSERT INTO `analysis`(`agv_id`,`year`,`month`,`day`,`week`,`working_minute`,`open_minute`,`task`) VALUES(2,2022,12,31,6,666,840,40);

INSERT INTO `analysis`(`agv_id`,`year`,`month`,`day`,`week`,`working_minute`,`open_minute`,`task`) VALUES(2,2023,1,1,7,603,840,42);
INSERT INTO `analysis`(`agv_id`,`year`,`month`,`day`,`week`,`working_minute`,`open_minute`,`task`) VALUES(2,2023,1,2,1,594,840,40);
INSERT INTO `analysis`(`agv_id`,`year`,`month`,`day`,`week`,`working_minute`,`open_minute`,`task`) VALUES(2,2023,1,3,2,444,840,33);
INSERT INTO `analysis`(`agv_id`,`year`,`month`,`day`,`week`,`working_minute`,`open_minute`,`task`) VALUES(2,2023,1,4,3,420,840,22);
INSERT INTO `analysis`(`agv_id`,`year`,`month`,`day`,`week`,`working_minute`,`open_minute`,`task`) VALUES(2,2023,1,5,4,500,840,34);
INSERT INTO `analysis`(`agv_id`,`year`,`month`,`day`,`week`,`working_minute`,`open_minute`,`task`) VALUES(2,2023,1,6,5,740,840,41);
INSERT INTO `analysis`(`agv_id`,`year`,`month`,`day`,`week`,`working_minute`,`open_minute`,`task`) VALUES(2,2023,1,7,6,777,840,49);
INSERT INTO `analysis`(`agv_id`,`year`,`month`,`day`,`week`,`working_minute`,`open_minute`,`task`) VALUES(2,2023,1,8,7,330,840,28);
INSERT INTO `analysis`(`agv_id`,`year`,`month`,`day`,`week`,`working_minute`,`open_minute`,`task`) VALUES(2,2023,1,9,1,422,840,35);
INSERT INTO `analysis`(`agv_id`,`year`,`month`,`day`,`week`,`working_minute`,`open_minute`,`task`) VALUES(2,2023,1,10,2,555,840,34);
INSERT INTO `analysis`(`agv_id`,`year`,`month`,`day`,`week`,`working_minute`,`open_minute`,`task`) VALUES(2,2023,1,11,3,666,840,42);
INSERT INTO `analysis`(`agv_id`,`year`,`month`,`day`,`week`,`working_minute`,`open_minute`,`task`) VALUES(2,2023,1,12,4,664,840,44);
INSERT INTO `analysis`(`agv_id`,`year`,`month`,`day`,`week`,`working_minute`,`open_minute`,`task`) VALUES(2,2023,1,13,5,654,840,38);
INSERT INTO `analysis`(`agv_id`,`year`,`month`,`day`,`week`,`working_minute`,`open_minute`,`task`) VALUES(2,2023,1,14,6,410,840,22);
INSERT INTO `analysis`(`agv_id`,`year`,`month`,`day`,`week`,`working_minute`,`open_minute`,`task`) VALUES(2,2023,1,15,7,405,840,29);
INSERT INTO `analysis`(`agv_id`,`year`,`month`,`day`,`week`,`working_minute`,`open_minute`,`task`) VALUES(2,2023,1,16,1,444,840,32);
INSERT INTO `analysis`(`agv_id`,`year`,`month`,`day`,`week`,`working_minute`,`open_minute`,`task`) VALUES(2,2023,1,17,2,749,840,34);
INSERT INTO `analysis`(`agv_id`,`year`,`month`,`day`,`week`,`working_minute`,`open_minute`,`task`) VALUES(2,2023,1,18,3,223,840,38);
INSERT INTO `analysis`(`agv_id`,`year`,`month`,`day`,`week`,`working_minute`,`open_minute`,`task`) VALUES(2,2023,1,19,4,283,840,23);
INSERT INTO `analysis`(`agv_id`,`year`,`month`,`day`,`week`,`working_minute`,`open_minute`,`task`) VALUES(2,2023,1,20,5,653,840,40);
INSERT INTO `analysis`(`agv_id`,`year`,`month`,`day`,`week`,`working_minute`,`open_minute`,`task`) VALUES(2,2023,1,21,6,661,840,38);
INSERT INTO `analysis`(`agv_id`,`year`,`month`,`day`,`week`,`working_minute`,`open_minute`,`task`) VALUES(2,2023,1,22,7,770,840,55);
INSERT INTO `analysis`(`agv_id`,`year`,`month`,`day`,`week`,`working_minute`,`open_minute`,`task`) VALUES(2,2023,1,23,1,810,840,45);
INSERT INTO `analysis`(`agv_id`,`year`,`month`,`day`,`week`,`working_minute`,`open_minute`,`task`) VALUES(2,2023,1,24,2,533,840,32);
INSERT INTO `analysis`(`agv_id`,`year`,`month`,`day`,`week`,`working_minute`,`open_minute`,`task`) VALUES(2,2023,1,25,3,532,840,29);
INSERT INTO `analysis`(`agv_id`,`year`,`month`,`day`,`week`,`working_minute`,`open_minute`,`task`) VALUES(2,2023,1,26,4,344,840,34);
INSERT INTO `analysis`(`agv_id`,`year`,`month`,`day`,`week`,`working_minute`,`open_minute`,`task`) VALUES(2,2023,1,27,5,443,840,38);
INSERT INTO `analysis`(`agv_id`,`year`,`month`,`day`,`week`,`working_minute`,`open_minute`,`task`) VALUES(2,2023,1,28,6,662,840,42);
INSERT INTO `analysis`(`agv_id`,`year`,`month`,`day`,`week`,`working_minute`,`open_minute`,`task`) VALUES(2,2023,1,29,7,728,840,48);
INSERT INTO `analysis`(`agv_id`,`year`,`month`,`day`,`week`,`working_minute`,`open_minute`,`task`) VALUES(2,2023,1,30,1,629,840,33);
INSERT INTO `analysis`(`agv_id`,`year`,`month`,`day`,`week`,`working_minute`,`open_minute`,`task`) VALUES(2,2023,1,31,2,331,14,10);


INSERT INTO `analysis`(`agv_id`,`year`,`month`,`day`,`week`,`working_minute`,`open_minute`,`task`) VALUES(3,2022,11,1,2,600,840,42);
INSERT INTO `analysis`(`agv_id`,`year`,`month`,`day`,`week`,`working_minute`,`open_minute`,`task`) VALUES(3,2022,11,2,3,600,840,40);
INSERT INTO `analysis`(`agv_id`,`year`,`month`,`day`,`week`,`working_minute`,`open_minute`,`task`) VALUES(3,2022,11,3,4,480,840,33);
INSERT INTO `analysis`(`agv_id`,`year`,`month`,`day`,`week`,`working_minute`,`open_minute`,`task`) VALUES(3,2022,11,4,5,360,840,22);
INSERT INTO `analysis`(`agv_id`,`year`,`month`,`day`,`week`,`working_minute`,`open_minute`,`task`) VALUES(3,2022,11,5,6,540,840,34);
INSERT INTO `analysis`(`agv_id`,`year`,`month`,`day`,`week`,`working_minute`,`open_minute`,`task`) VALUES(3,2022,11,6,7,720,840,41);
INSERT INTO `analysis`(`agv_id`,`year`,`month`,`day`,`week`,`working_minute`,`open_minute`,`task`) VALUES(3,2022,11,7,1,720,840,49);
INSERT INTO `analysis`(`agv_id`,`year`,`month`,`day`,`week`,`working_minute`,`open_minute`,`task`) VALUES(3,2022,11,8,2,360,840,28);
INSERT INTO `analysis`(`agv_id`,`year`,`month`,`day`,`week`,`working_minute`,`open_minute`,`task`) VALUES(3,2022,11,9,3,480,840,35);
INSERT INTO `analysis`(`agv_id`,`year`,`month`,`day`,`week`,`working_minute`,`open_minute`,`task`) VALUES(3,2022,11,10,4,540,840,34);
INSERT INTO `analysis`(`agv_id`,`year`,`month`,`day`,`week`,`working_minute`,`open_minute`,`task`) VALUES(3,2022,11,11,5,660,840,42);
INSERT INTO `analysis`(`agv_id`,`year`,`month`,`day`,`week`,`working_minute`,`open_minute`,`task`) VALUES(3,2022,11,12,6,720,840,44);
INSERT INTO `analysis`(`agv_id`,`year`,`month`,`day`,`week`,`working_minute`,`open_minute`,`task`) VALUES(3,2022,11,13,7,600,840,38);
INSERT INTO `analysis`(`agv_id`,`year`,`month`,`day`,`week`,`working_minute`,`open_minute`,`task`) VALUES(3,2022,11,14,1,360,840,22);
INSERT INTO `analysis`(`agv_id`,`year`,`month`,`day`,`week`,`working_minute`,`open_minute`,`task`) VALUES(3,2022,11,15,2,420,840,29);
INSERT INTO `analysis`(`agv_id`,`year`,`month`,`day`,`week`,`working_minute`,`open_minute`,`task`) VALUES(3,2022,11,16,3,480,840,32);
INSERT INTO `analysis`(`agv_id`,`year`,`month`,`day`,`week`,`working_minute`,`open_minute`,`task`) VALUES(3,2022,11,17,4,540,840,34);
INSERT INTO `analysis`(`agv_id`,`year`,`month`,`day`,`week`,`working_minute`,`open_minute`,`task`) VALUES(3,2022,11,18,5,600,840,38);
INSERT INTO `analysis`(`agv_id`,`year`,`month`,`day`,`week`,`working_minute`,`open_minute`,`task`) VALUES(3,2022,11,19,6,360,840,23);
INSERT INTO `analysis`(`agv_id`,`year`,`month`,`day`,`week`,`working_minute`,`open_minute`,`task`) VALUES(3,2022,11,20,7,660,840,40);
INSERT INTO `analysis`(`agv_id`,`year`,`month`,`day`,`week`,`working_minute`,`open_minute`,`task`) VALUES(3,2022,11,21,1,540,840,38);
INSERT INTO `analysis`(`agv_id`,`year`,`month`,`day`,`week`,`working_minute`,`open_minute`,`task`) VALUES(3,2022,11,22,2,780,840,55);
INSERT INTO `analysis`(`agv_id`,`year`,`month`,`day`,`week`,`working_minute`,`open_minute`,`task`) VALUES(3,2022,11,23,3,720,840,45);
INSERT INTO `analysis`(`agv_id`,`year`,`month`,`day`,`week`,`working_minute`,`open_minute`,`task`) VALUES(3,2022,11,24,4,600,840,32);
INSERT INTO `analysis`(`agv_id`,`year`,`month`,`day`,`week`,`working_minute`,`open_minute`,`task`) VALUES(3,2022,11,25,5,540,840,29);
INSERT INTO `analysis`(`agv_id`,`year`,`month`,`day`,`week`,`working_minute`,`open_minute`,`task`) VALUES(3,2022,11,26,6,600,840,34);
INSERT INTO `analysis`(`agv_id`,`year`,`month`,`day`,`week`,`working_minute`,`open_minute`,`task`) VALUES(3,2022,11,27,7,660,840,38);
INSERT INTO `analysis`(`agv_id`,`year`,`month`,`day`,`week`,`working_minute`,`open_minute`,`task`) VALUES(3,2022,11,28,1,660,840,42);
INSERT INTO `analysis`(`agv_id`,`year`,`month`,`day`,`week`,`working_minute`,`open_minute`,`task`) VALUES(3,2022,11,29,2,720,840,48);
INSERT INTO `analysis`(`agv_id`,`year`,`month`,`day`,`week`,`working_minute`,`open_minute`,`task`) VALUES(3,2022,11,30,3,540,840,33);

INSERT INTO `analysis`(`agv_id`,`year`,`month`,`day`,`week`,`working_minute`,`open_minute`,`task`) VALUES(3,2022,12,1,4,600,840,42);
INSERT INTO `analysis`(`agv_id`,`year`,`month`,`day`,`week`,`working_minute`,`open_minute`,`task`) VALUES(3,2022,12,2,5,600,840,40);
INSERT INTO `analysis`(`agv_id`,`year`,`month`,`day`,`week`,`working_minute`,`open_minute`,`task`) VALUES(3,2022,12,3,6,480,840,33);
INSERT INTO `analysis`(`agv_id`,`year`,`month`,`day`,`week`,`working_minute`,`open_minute`,`task`) VALUES(3,2022,12,4,7,360,840,22);
INSERT INTO `analysis`(`agv_id`,`year`,`month`,`day`,`week`,`working_minute`,`open_minute`,`task`) VALUES(3,2022,12,5,1,540,840,34);
INSERT INTO `analysis`(`agv_id`,`year`,`month`,`day`,`week`,`working_minute`,`open_minute`,`task`) VALUES(3,2022,12,6,2,720,840,41);
INSERT INTO `analysis`(`agv_id`,`year`,`month`,`day`,`week`,`working_minute`,`open_minute`,`task`) VALUES(3,2022,12,7,3,720,840,49);
INSERT INTO `analysis`(`agv_id`,`year`,`month`,`day`,`week`,`working_minute`,`open_minute`,`task`) VALUES(3,2022,12,8,4,360,840,28);
INSERT INTO `analysis`(`agv_id`,`year`,`month`,`day`,`week`,`working_minute`,`open_minute`,`task`) VALUES(3,2022,12,9,5,480,840,35);
INSERT INTO `analysis`(`agv_id`,`year`,`month`,`day`,`week`,`working_minute`,`open_minute`,`task`) VALUES(3,2022,12,10,6,540,840,34);
INSERT INTO `analysis`(`agv_id`,`year`,`month`,`day`,`week`,`working_minute`,`open_minute`,`task`) VALUES(3,2022,12,11,7,660,840,42);
INSERT INTO `analysis`(`agv_id`,`year`,`month`,`day`,`week`,`working_minute`,`open_minute`,`task`) VALUES(3,2022,12,12,1,720,840,44);
INSERT INTO `analysis`(`agv_id`,`year`,`month`,`day`,`week`,`working_minute`,`open_minute`,`task`) VALUES(3,2022,12,13,2,600,840,38);
INSERT INTO `analysis`(`agv_id`,`year`,`month`,`day`,`week`,`working_minute`,`open_minute`,`task`) VALUES(3,2022,12,14,3,360,840,22);
INSERT INTO `analysis`(`agv_id`,`year`,`month`,`day`,`week`,`working_minute`,`open_minute`,`task`) VALUES(3,2022,12,15,4,420,840,29);
INSERT INTO `analysis`(`agv_id`,`year`,`month`,`day`,`week`,`working_minute`,`open_minute`,`task`) VALUES(3,2022,12,16,5,480,840,32);
INSERT INTO `analysis`(`agv_id`,`year`,`month`,`day`,`week`,`working_minute`,`open_minute`,`task`) VALUES(3,2022,12,17,6,429,840,34);
INSERT INTO `analysis`(`agv_id`,`year`,`month`,`day`,`week`,`working_minute`,`open_minute`,`task`) VALUES(3,2022,12,18,7,432,840,38);
INSERT INTO `analysis`(`agv_id`,`year`,`month`,`day`,`week`,`working_minute`,`open_minute`,`task`) VALUES(3,2022,12,19,1,733,840,23);
INSERT INTO `analysis`(`agv_id`,`year`,`month`,`day`,`week`,`working_minute`,`open_minute`,`task`) VALUES(3,2022,12,20,2,344,840,40);
INSERT INTO `analysis`(`agv_id`,`year`,`month`,`day`,`week`,`working_minute`,`open_minute`,`task`) VALUES(3,2022,12,21,3,544,840,38);
INSERT INTO `analysis`(`agv_id`,`year`,`month`,`day`,`week`,`working_minute`,`open_minute`,`task`) VALUES(3,2022,12,22,4,433,840,55);
INSERT INTO `analysis`(`agv_id`,`year`,`month`,`day`,`week`,`working_minute`,`open_minute`,`task`) VALUES(3,2022,12,23,5,733,840,45);
INSERT INTO `analysis`(`agv_id`,`year`,`month`,`day`,`week`,`working_minute`,`open_minute`,`task`) VALUES(3,2022,12,24,6,293,840,32);
INSERT INTO `analysis`(`agv_id`,`year`,`month`,`day`,`week`,`working_minute`,`open_minute`,`task`) VALUES(3,2022,12,25,7,530,840,29);
INSERT INTO `analysis`(`agv_id`,`year`,`month`,`day`,`week`,`working_minute`,`open_minute`,`task`) VALUES(3,2022,12,26,1,649,840,34);
INSERT INTO `analysis`(`agv_id`,`year`,`month`,`day`,`week`,`working_minute`,`open_minute`,`task`) VALUES(3,2022,12,27,2,740,840,38);
INSERT INTO `analysis`(`agv_id`,`year`,`month`,`day`,`week`,`working_minute`,`open_minute`,`task`) VALUES(3,2022,12,28,3,623,840,42);
INSERT INTO `analysis`(`agv_id`,`year`,`month`,`day`,`week`,`working_minute`,`open_minute`,`task`) VALUES(3,2022,12,29,4,720,840,48);
INSERT INTO `analysis`(`agv_id`,`year`,`month`,`day`,`week`,`working_minute`,`open_minute`,`task`) VALUES(3,2022,12,30,5,532,840,33);
INSERT INTO `analysis`(`agv_id`,`year`,`month`,`day`,`week`,`working_minute`,`open_minute`,`task`) VALUES(3,2022,12,31,6,666,840,40);

INSERT INTO `analysis`(`agv_id`,`year`,`month`,`day`,`week`,`working_minute`,`open_minute`,`task`) VALUES(3,2023,1,1,7,603,840,42);
INSERT INTO `analysis`(`agv_id`,`year`,`month`,`day`,`week`,`working_minute`,`open_minute`,`task`) VALUES(3,2023,1,2,1,594,840,40);
INSERT INTO `analysis`(`agv_id`,`year`,`month`,`day`,`week`,`working_minute`,`open_minute`,`task`) VALUES(3,2023,1,3,2,444,840,33);
INSERT INTO `analysis`(`agv_id`,`year`,`month`,`day`,`week`,`working_minute`,`open_minute`,`task`) VALUES(3,2023,1,4,3,420,840,22);
INSERT INTO `analysis`(`agv_id`,`year`,`month`,`day`,`week`,`working_minute`,`open_minute`,`task`) VALUES(3,2023,1,5,4,500,840,34);
INSERT INTO `analysis`(`agv_id`,`year`,`month`,`day`,`week`,`working_minute`,`open_minute`,`task`) VALUES(3,2023,1,6,5,740,840,41);
INSERT INTO `analysis`(`agv_id`,`year`,`month`,`day`,`week`,`working_minute`,`open_minute`,`task`) VALUES(3,2023,1,7,6,777,840,49);
INSERT INTO `analysis`(`agv_id`,`year`,`month`,`day`,`week`,`working_minute`,`open_minute`,`task`) VALUES(3,2023,1,8,7,330,840,28);
INSERT INTO `analysis`(`agv_id`,`year`,`month`,`day`,`week`,`working_minute`,`open_minute`,`task`) VALUES(3,2023,1,9,1,422,840,35);
INSERT INTO `analysis`(`agv_id`,`year`,`month`,`day`,`week`,`working_minute`,`open_minute`,`task`) VALUES(3,2023,1,10,2,555,840,34);
INSERT INTO `analysis`(`agv_id`,`year`,`month`,`day`,`week`,`working_minute`,`open_minute`,`task`) VALUES(3,2023,1,11,3,666,840,42);
INSERT INTO `analysis`(`agv_id`,`year`,`month`,`day`,`week`,`working_minute`,`open_minute`,`task`) VALUES(3,2023,1,12,4,664,840,44);
INSERT INTO `analysis`(`agv_id`,`year`,`month`,`day`,`week`,`working_minute`,`open_minute`,`task`) VALUES(3,2023,1,13,5,654,840,38);
INSERT INTO `analysis`(`agv_id`,`year`,`month`,`day`,`week`,`working_minute`,`open_minute`,`task`) VALUES(3,2023,1,14,6,410,840,22);
INSERT INTO `analysis`(`agv_id`,`year`,`month`,`day`,`week`,`working_minute`,`open_minute`,`task`) VALUES(3,2023,1,15,7,405,840,29);
INSERT INTO `analysis`(`agv_id`,`year`,`month`,`day`,`week`,`working_minute`,`open_minute`,`task`) VALUES(3,2023,1,16,1,444,840,32);
INSERT INTO `analysis`(`agv_id`,`year`,`month`,`day`,`week`,`working_minute`,`open_minute`,`task`) VALUES(3,2023,1,17,2,749,840,34);
INSERT INTO `analysis`(`agv_id`,`year`,`month`,`day`,`week`,`working_minute`,`open_minute`,`task`) VALUES(3,2023,1,18,3,223,840,38);
INSERT INTO `analysis`(`agv_id`,`year`,`month`,`day`,`week`,`working_minute`,`open_minute`,`task`) VALUES(3,2023,1,19,4,283,840,23);
INSERT INTO `analysis`(`agv_id`,`year`,`month`,`day`,`week`,`working_minute`,`open_minute`,`task`) VALUES(3,2023,1,20,5,653,840,40);
INSERT INTO `analysis`(`agv_id`,`year`,`month`,`day`,`week`,`working_minute`,`open_minute`,`task`) VALUES(3,2023,1,21,6,661,840,38);
INSERT INTO `analysis`(`agv_id`,`year`,`month`,`day`,`week`,`working_minute`,`open_minute`,`task`) VALUES(3,2023,1,22,7,770,840,55);
INSERT INTO `analysis`(`agv_id`,`year`,`month`,`day`,`week`,`working_minute`,`open_minute`,`task`) VALUES(3,2023,1,23,1,810,840,45);
INSERT INTO `analysis`(`agv_id`,`year`,`month`,`day`,`week`,`working_minute`,`open_minute`,`task`) VALUES(3,2023,1,24,2,533,840,32);
INSERT INTO `analysis`(`agv_id`,`year`,`month`,`day`,`week`,`working_minute`,`open_minute`,`task`) VALUES(3,2023,1,25,3,532,840,29);
INSERT INTO `analysis`(`agv_id`,`year`,`month`,`day`,`week`,`working_minute`,`open_minute`,`task`) VALUES(3,2023,1,26,4,344,840,34);
INSERT INTO `analysis`(`agv_id`,`year`,`month`,`day`,`week`,`working_minute`,`open_minute`,`task`) VALUES(3,2023,1,27,5,443,840,38);
INSERT INTO `analysis`(`agv_id`,`year`,`month`,`day`,`week`,`working_minute`,`open_minute`,`task`) VALUES(3,2023,1,28,6,662,840,42);
INSERT INTO `analysis`(`agv_id`,`year`,`month`,`day`,`week`,`working_minute`,`open_minute`,`task`) VALUES(3,2023,1,29,7,728,840,48);
INSERT INTO `analysis`(`agv_id`,`year`,`month`,`day`,`week`,`working_minute`,`open_minute`,`task`) VALUES(3,2023,1,30,1,629,840,33);
INSERT INTO `analysis`(`agv_id`,`year`,`month`,`day`,`week`,`working_minute`,`open_minute`,`task`) VALUES(3,2023,1,31,2,331,14,10);


INSERT INTO `work_number_history`(`work_number`) VALUES
("TEST-20240122001"),
("TEST-20240122002"),
("TEST-20240122003"),
("TEST-20240122003"),
("TEST-20240122003"),
("TEST-20240122004"),
("TEST-20240122005"),
("TEST-20240123001"),
("TEST-20240123001"),
("TEST-20240123001"),
("TEST-20240123002"),
("TEST-20240123003"),
("TEST-20240123004"),
("TEST-20240123005");
